density,config,pes,adaptive_rho,solve_index,solve_ms,status,mae,admm_iterations,pcg_iterations,r_prim,r_dual
low,1024x1024_reshape4_pes4,4,0,1,63.633959999947365,1,1.889244e-05,115,130,0.005632638931274414,0.0015891677467152476
low,1024x1024_reshape4_pes4,4,0,2,63.62695000007079,1,1.889244e-05,115,130,0.005632638931274414,0.0015891677467152476
low,1024x1024_reshape4_pes4,4,0,3,63.63222000004498,1,1.889244e-05,115,130,0.005632638931274414,0.0015891677467152476
low,1024x1024_reshape4_pes4,4,0,4,63.634779999915736,1,1.889244e-05,115,130,0.005632638931274414,0.0015891677467152476
low,1024x1024_reshape4_pes4,4,0,5,63.63294999994196,1,1.889244e-05,115,130,0.005632638931274414,0.0015891677467152476
low,1024x1024_reshape4_pes4,4,1,1,63.62822000005508,1,1.889244e-05,115,130,0.005632638931274414,0.0015891677467152476
low,1024x1024_reshape4_pes4,4,1,2,63.63792000001922,1,1.889244e-05,115,130,0.005632638931274414,0.0015891677467152476
low,1024x1024_reshape4_pes4,4,1,3,63.63003999990724,1,1.889244e-05,115,130,0.005632638931274414,0.0015891677467152476
low,1024x1024_reshape4_pes4,4,1,4,63.63591000001634,1,1.889244e-05,115,130,0.005632638931274414,0.0015891677467152476
low,1024x1024_reshape4_pes4,4,1,5,63.637210000024425,1,1.889244e-05,115,130,0.005632638931274414,0.0015891677467152476
low,1024x1024_reshape4_pes8,8,0,1,54.69043999994483,1,1.88745e-05,115,130,0.005631685256958008,0.0015893164090812206
low,1024x1024_reshape4_pes8,8,0,2,54.692660000000615,1,1.88745e-05,115,130,0.005631685256958008,0.0015893164090812206
low,1024x1024_reshape4_pes8,8,0,3,54.69302000005882,1,1.88745e-05,115,130,0.005631685256958008,0.0015893164090812206
low,1024x1024_reshape4_pes8,8,0,4,54.68795000001592,1,1.88745e-05,115,130,0.005631685256958008,0.0015893164090812206
low,1024x1024_reshape4_pes8,8,0,5,54.69803000005413,1,1.88745e-05,115,130,0.005631685256958008,0.0015893164090812206
low,1024x1024_reshape4_pes8,8,1,1,54.68872999995256,1,1.88745e-05,115,130,0.005631685256958008,0.0015893164090812206
low,1024x1024_reshape4_pes8,8,1,2,54.69619000007242,1,1.88745e-05,115,130,0.005631685256958008,0.0015893164090812206
low,1024x1024_reshape4_pes8,8,1,3,54.68440999993618,1,1.88745e-05,115,130,0.005631685256958008,0.0015893164090812206
low,1024x1024_reshape4_pes8,8,1,4,54.69021999999768,1,1.88745e-05,115,130,0.005631685256958008,0.0015893164090812206
low,1024x1024_reshape4_pes8,8,1,5,54.71065999995517,1,1.88745e-05,115,130,0.005631685256958008,0.0015893164090812206
low,1024x1024_reshape4_pes16,16,0,1,48.81696000006741,1,1.8874498e-05,115,130,0.005626201629638672,0.0015884825261309743
low,1024x1024_reshape4_pes16,16,0,2,48.81976000001487,1,1.8874498e-05,115,130,0.005626201629638672,0.0015884825261309743
low,1024x1024_reshape4_pes16,16,0,3,48.82491000000755,1,1.8874498e-05,115,130,0.005626201629638672,0.0015884825261309743
low,1024x1024_reshape4_pes16,16,0,4,48.816699999974844,1,1.8874498e-05,115,130,0.005626201629638672,0.0015884825261309743
low,1024x1024_reshape4_pes16,16,0,5,48.839250000014545,1,1.8874498e-05,115,130,0.005626201629638672,0.0015884825261309743
low,1024x1024_reshape4_pes16,16,1,1,48.8181399999803,1,1.8874498e-05,115,130,0.005626201629638672,0.0015884825261309743
low,1024x1024_reshape4_pes16,16,1,2,48.821920000023056,1,1.8874498e-05,115,130,0.005626201629638672,0.0015884825261309743
low,1024x1024_reshape4_pes16,16,1,3,48.815619999913906,1,1.8874498e-05,115,130,0.005626201629638672,0.0015884825261309743
low,1024x1024_reshape4_pes16,16,1,4,48.81740999996964,1,1.8874498e-05,115,130,0.005626201629638672,0.0015884825261309743
low,1024x1024_reshape4_pes16,16,1,5,48.8322699999344,1,1.8874498e-05,115,130,0.005626201629638672,0.0015884825261309743
low,1024x1024_reshape4_pes20,20,0,1,49.08414999999877,1,1.8867835e-05,115,130,0.005623579025268555,0.0015875294338911772
low,1024x1024_reshape4_pes20,20,0,2,49.09636000002138,1,1.8867835e-05,115,130,0.005623579025268555,0.0015875294338911772
low,1024x1024_reshape4_pes20,20,0,3,49.090249999949265,1,1.8867835e-05,115,130,0.005623579025268555,0.0015875294338911772
low,1024x1024_reshape4_pes20,20,0,4,49.0864399999964,1,1.8867835e-05,115,130,0.005623579025268555,0.0015875294338911772
low,1024x1024_reshape4_pes20,20,0,5,49.101259999929425,1,1.8867835e-05,115,130,0.005623579025268555,0.0015875294338911772
low,1024x1024_reshape4_pes20,20,1,1,49.08304000002772,1,1.8867835e-05,115,130,0.005623579025268555,0.0015875294338911772
low,1024x1024_reshape4_pes20,20,1,2,49.087410000083764,1,1.8867835e-05,115,130,0.005623579025268555,0.0015875294338911772
low,1024x1024_reshape4_pes20,20,1,3,49.08253999997214,1,1.8867835e-05,115,130,0.005623579025268555,0.0015875294338911772
low,1024x1024_reshape4_pes20,20,1,4,49.09713999995802,1,1.8867835e-05,115,130,0.005623579025268555,0.0015875294338911772
low,1024x1024_reshape4_pes20,20,1,5,49.09632999999758,1,1.8867835e-05,115,130,0.005623579025268555,0.0015875294338911772
low,1024x1024_reshape4_pes30,30,0,1,49.650830000018686,1,1.887681e-05,115,130,0.005629420280456543,0.0015892270021140575
low,1024x1024_reshape4_pes30,30,0,2,49.64023000002271,1,1.887681e-05,115,130,0.005629420280456543,0.0015892270021140575
low,1024x1024_reshape4_pes30,30,0,3,49.64209000002029,1,1.887681e-05,115,130,0.005629420280456543,0.0015892270021140575
low,1024x1024_reshape4_pes30,30,0,4,49.64040000004388,1,1.887681e-05,115,130,0.005629420280456543,0.0015892270021140575
low,1024x1024_reshape4_pes30,30,0,5,49.6543900000006,1,1.887681e-05,115,130,0.005629420280456543,0.0015892270021140575
low,1024x1024_reshape4_pes30,30,1,1,49.634210000021994,1,1.887681e-05,115,130,0.005629420280456543,0.0015892270021140575
low,1024x1024_reshape4_pes30,30,1,2,49.63964000000942,1,1.887681e-05,115,130,0.005629420280456543,0.0015892270021140575
low,1024x1024_reshape4_pes30,30,1,3,49.643220000007204,1,1.887681e-05,115,130,0.005629420280456543,0.0015892270021140575
low,1024x1024_reshape4_pes30,30,1,4,49.644459999967694,1,1.887681e-05,115,130,0.005629420280456543,0.0015892270021140575
low,1024x1024_reshape4_pes30,30,1,5,49.65336999998726,1,1.887681e-05,115,130,0.005629420280456543,0.0015892270021140575
low,1024x1024_reshape4_pes40,40,0,1,50.247369999965485,1,1.8896679e-05,115,130,0.005632519721984863,0.00158913794439286
low,1024x1024_reshape4_pes40,40,0,2,50.24362000006022,1,1.8896679e-05,115,130,0.005632519721984863,0.00158913794439286
low,1024x1024_reshape4_pes40,40,0,3,50.24622999997064,1,1.8896679e-05,115,130,0.005632519721984863,0.00158913794439286
low,1024x1024_reshape4_pes40,40,0,4,50.24345999993329,1,1.8896679e-05,115,130,0.005632519721984863,0.00158913794439286
low,1024x1024_reshape4_pes40,40,0,5,50.258839999969496,1,1.8896679e-05,115,130,0.005632519721984863,0.00158913794439286
low,1024x1024_reshape4_pes40,40,1,1,50.24530999992294,1,1.8896679e-05,115,130,0.005632519721984863,0.00158913794439286
low,1024x1024_reshape4_pes40,40,1,2,50.24204999995163,1,1.8896679e-05,115,130,0.005632519721984863,0.00158913794439286
low,1024x1024_reshape4_pes40,40,1,3,50.24232000005213,1,1.8896679e-05,115,130,0.005632519721984863,0.00158913794439286
low,1024x1024_reshape4_pes40,40,1,4,50.242359999970176,1,1.8896679e-05,115,130,0.005632519721984863,0.00158913794439286
low,1024x1024_reshape4_pes40,40,1,5,50.2543100000139,1,1.8896679e-05,115,130,0.005632519721984863,0.00158913794439286
low,1024x1024_reshape4_pes50,50,0,1,50.93523000005007,1,1.8884755e-05,115,130,0.005627274513244629,0.0015892268856987357
low,1024x1024_reshape4_pes50,50,0,2,50.94514999996136,1,1.8884755e-05,115,130,0.005627274513244629,0.0015892268856987357
low,1024x1024_reshape4_pes50,50,0,3,50.94133000000056,1,1.8884755e-05,115,130,0.005627274513244629,0.0015892268856987357
low,1024x1024_reshape4_pes50,50,0,4,50.93755999996574,1,1.8884755e-05,115,130,0.005627274513244629,0.0015892268856987357
low,1024x1024_reshape4_pes50,50,0,5,50.944189999995615,1,1.8884755e-05,115,130,0.005627274513244629,0.0015892268856987357
low,1024x1024_reshape4_pes50,50,1,1,50.93184999998357,1,1.8884755e-05,115,130,0.005627274513244629,0.0015892268856987357
low,1024x1024_reshape4_pes50,50,1,2,50.93974999999773,1,1.8884755e-05,115,130,0.005627274513244629,0.0015892268856987357
low,1024x1024_reshape4_pes50,50,1,3,50.939510000034716,1,1.8884755e-05,115,130,0.005627274513244629,0.0015892268856987357
low,1024x1024_reshape4_pes50,50,1,4,50.93772000009267,1,1.8884755e-05,115,130,0.005627274513244629,0.0015892268856987357
low,1024x1024_reshape4_pes50,50,1,5,50.94425999993746,1,1.8884755e-05,115,130,0.005627274513244629,0.0015892268856987357
low,1024x1024_reshape4_pes60,60,0,1,51.53340999993361,1,1.887169e-05,115,130,0.005622506141662598,0.0015878570266067982
low,1024x1024_reshape4_pes60,60,0,2,51.53377999999975,1,1.887169e-05,115,130,0.005622506141662598,0.0015878570266067982
low,1024x1024_reshape4_pes60,60,0,3,51.529340000001866,1,1.887169e-05,115,130,0.005622506141662598,0.0015878570266067982
low,1024x1024_reshape4_pes60,60,0,4,51.53015999997024,1,1.887169e-05,115,130,0.005622506141662598,0.0015878570266067982
low,1024x1024_reshape4_pes60,60,0,5,51.55887000000803,1,1.887169e-05,115,130,0.005622506141662598,0.0015878570266067982
low,1024x1024_reshape4_pes60,60,1,1,51.538309999955345,1,1.887169e-05,115,130,0.005622506141662598,0.0015878570266067982
low,1024x1024_reshape4_pes60,60,1,2,51.53611999992336,1,1.887169e-05,115,130,0.005622506141662598,0.0015878570266067982
low,1024x1024_reshape4_pes60,60,1,3,51.53381000002355,1,1.887169e-05,115,130,0.005622506141662598,0.0015878570266067982
low,1024x1024_reshape4_pes60,60,1,4,51.53441000004477,1,1.887169e-05,115,130,0.005622506141662598,0.0015878570266067982
low,1024x1024_reshape4_pes60,60,1,5,51.546629999961624,1,1.887169e-05,115,130,0.005622506141662598,0.0015878570266067982
medium,1024x1024_reshape4_pes4,4,0,1,315.4882300000281,1,0.00013424434,245,265,0.009244617074728012,0.00182474369648844
medium,1024x1024_reshape4_pes4,4,0,2,315.48840999994354,1,0.00013424434,245,265,0.009244617074728012,0.00182474369648844
medium,1024x1024_reshape4_pes4,4,0,3,315.48521000001983,1,0.00013424434,245,265,0.009244617074728012,0.00182474369648844
medium,1024x1024_reshape4_pes4,4,0,4,315.4817399999956,1,0.00013424434,245,265,0.009244617074728012,0.00182474369648844
medium,1024x1024_reshape4_pes4,4,0,5,315.48295999994025,1,0.00013424434,245,265,0.009244617074728012,0.00182474369648844
medium,1024x1024_reshape4_pes4,4,1,1,517.5303500000155,1,0.00011377739,430,316,0.004715144634246826,0.00030199112370610237
medium,1024x1024_reshape4_pes4,4,1,2,517.5311299999521,1,0.00011377739,430,316,0.004715144634246826,0.00030199112370610237
medium,1024x1024_reshape4_pes4,4,1,3,517.5365200000215,1,0.00011377739,430,316,0.004715144634246826,0.00030199112370610237
medium,1024x1024_reshape4_pes4,4,1,4,517.5279500000443,1,0.00011377739,430,316,0.004715144634246826,0.00030199112370610237
medium,1024x1024_reshape4_pes4,4,1,5,517.5253399999065,1,0.00011377739,430,316,0.004715144634246826,0.00030199112370610237
medium,1024x1024_reshape4_pes8,8,0,1,223.50965999999062,1,0.00013418573,245,265,0.009241398423910141,0.0018278213683515787
medium,1024x1024_reshape4_pes8,8,0,2,223.56240999999955,1,0.00013418573,245,265,0.009241398423910141,0.0018278213683515787
medium,1024x1024_reshape4_pes8,8,0,3,223.51002000004883,1,0.00013418573,245,265,0.009241398423910141,0.0018278213683515787
medium,1024x1024_reshape4_pes8,8,0,4,223.50324000001365,1,0.00013418573,245,265,0.009241398423910141,0.0018278213683515787
medium,1024x1024_reshape4_pes8,8,0,5,223.50867000000108,1,0.00013418573,245,265,0.009241398423910141,0.0018278213683515787
medium,1024x1024_reshape4_pes8,8,1,1,370.1690500000723,1,0.000113910646,430,316,0.004714667797088623,0.00030238396720960736
medium,1024x1024_reshape4_pes8,8,1,2,370.1779399999623,1,0.000113910646,430,316,0.004714667797088623,0.00030238396720960736
medium,1024x1024_reshape4_pes8,8,1,3,370.1722600000039,1,0.000113910646,430,316,0.004714667797088623,0.00030238396720960736
medium,1024x1024_reshape4_pes8,8,1,4,370.1726399999643,1,0.000113910646,430,316,0.004714667797088623,0.00030238396720960736
medium,1024x1024_reshape4_pes8,8,1,5,370.17186000002766,1,0.000113910646,430,316,0.004714667797088623,0.00030238396720960736
medium,1024x1024_reshape4_pes16,16,0,1,125.08908999996038,1,0.00013416659,245,265,0.009249027818441391,0.0018272999441251159
medium,1024x1024_reshape4_pes16,16,0,2,125.09040999998433,1,0.00013416659,245,265,0.009249027818441391,0.0018272999441251159
medium,1024x1024_reshape4_pes16,16,0,3,125.09408000005351,1,0.00013416659,245,265,0.009249027818441391,0.0018272999441251159
medium,1024x1024_reshape4_pes16,16,0,4,125.08980000006886,1,0.00013416659,245,265,0.009249027818441391,0.0018272999441251159
medium,1024x1024_reshape4_pes16,16,0,5,125.08447000004708,1,0.00013416659,245,265,0.009249027818441391,0.0018272999441251159
medium,1024x1024_reshape4_pes16,16,1,1,212.35489000002872,1,0.0001138,430,316,0.004712522029876709,0.0003016265982296318
medium,1024x1024_reshape4_pes16,16,1,2,212.366320000001,1,0.0001138,430,316,0.004712522029876709,0.0003016265982296318
medium,1024x1024_reshape4_pes16,16,1,3,212.36870000007002,1,0.0001138,430,316,0.004712522029876709,0.0003016265982296318
medium,1024x1024_reshape4_pes16,16,1,4,212.36047000002145,1,0.0001138,430,316,0.004712522029876709,0.0003016265982296318
medium,1024x1024_reshape4_pes16,16,1,5,212.35397999998895,1,0.0001138,430,316,0.004712522029876709,0.0003016265982296318
medium,1024x1024_reshape4_pes20,20,0,1,119.04443000003084,1,0.00013422579,245,265,0.009240325540304184,0.00182948203291744
medium,1024x1024_reshape4_pes20,20,0,2,119.04830999992555,1,0.00013422579,245,265,0.009240325540304184,0.00182948203291744
medium,1024x1024_reshape4_pes20,20,0,3,119.03576999998222,1,0.00013422579,245,265,0.009240325540304184,0.00182948203291744
medium,1024x1024_reshape4_pes20,20,0,4,119.03809000000365,1,0.00013422579,245,265,0.009240325540304184,0.00182948203291744
medium,1024x1024_reshape4_pes20,20,0,5,119.03626000002987,1,0.00013422579,245,265,0.009240325540304184,0.00182948203291744
medium,1024x1024_reshape4_pes20,20,1,1,202.62230999992425,1,0.00011382747,430,316,0.0047152042388916016,0.00030192796839401126
medium,1024x1024_reshape4_pes20,20,1,2,202.6325799999995,1,0.00011382747,430,316,0.0047152042388916016,0.00030192796839401126
medium,1024x1024_reshape4_pes20,20,1,3,202.6336800000763,1,0.00011382747,430,316,0.0047152042388916016,0.00030192796839401126
medium,1024x1024_reshape4_pes20,20,1,4,202.631540000084,1,0.00011382747,430,316,0.0047152042388916016,0.00030192796839401126
medium,1024x1024_reshape4_pes20,20,1,5,202.63774000000012,1,0.00011382747,430,316,0.0047152042388916016,0.00030192796839401126
medium,1024x1024_reshape4_pes30,30,0,1,114.27786000001561,1,0.00013420616,245,265,0.00924588367342949,0.0018269694410264492
medium,1024x1024_reshape4_pes30,30,0,2,114.28153999997903,1,0.00013420616,245,265,0.00924588367342949,0.0018269694410264492
medium,1024x1024_reshape4_pes30,30,0,3,114.28407999994761,1,0.00013420616,245,265,0.00924588367342949,0.0018269694410264492
medium,1024x1024_reshape4_pes30,30,0,4,114.27496999999676,1,0.00013420616,245,265,0.00924588367342949,0.0018269694410264492
medium,1024x1024_reshape4_pes30,30,0,5,114.27578999996513,1,0.00013420616,245,265,0.00924588367342949,0.0018269694410264492
medium,1024x1024_reshape4_pes30,30,1,1,195.0599299999567,1,0.0001137622,430,316,0.004714787006378174,0.00030171527760103345
medium,1024x1024_reshape4_pes30,30,1,2,194.9974699999757,1,0.0001137622,430,316,0.004714787006378174,0.00030171527760103345
medium,1024x1024_reshape4_pes30,30,1,3,194.98199999998178,1,0.0001137622,430,316,0.004714787006378174,0.00030171527760103345
medium,1024x1024_reshape4_pes30,30,1,4,194.98043999999481,1,0.0001137622,430,316,0.004714787006378174,0.00030171527760103345
medium,1024x1024_reshape4_pes30,30,1,5,194.9870700000247,1,0.0001137622,430,316,0.004714787006378174,0.00030171527760103345
medium,1024x1024_reshape4_pes40,40,0,1,115.72182999998404,1,0.00013417966,245,265,0.00923663005232811,0.0018243191298097372
medium,1024x1024_reshape4_pes40,40,0,2,115.72658000000047,1,0.00013417966,245,265,0.00923663005232811,0.0018243191298097372
medium,1024x1024_reshape4_pes40,40,0,3,115.72284000010313,1,0.00013417966,245,265,0.00923663005232811,0.0018243191298097372
medium,1024x1024_reshape4_pes40,40,0,4,115.71229999992738,1,0.00013417966,245,265,0.00923663005232811,0.0018243191298097372
medium,1024x1024_reshape4_pes40,40,0,5,115.72243000000526,1,0.00013417966,245,265,0.00923663005232811,0.0018243191298097372
medium,1024x1024_reshape4_pes40,40,1,1,197.21557000002576,1,0.00011392588,430,316,0.004717767238616943,0.00030234738369472325
medium,1024x1024_reshape4_pes40,40,1,2,197.26337999998123,1,0.00011392588,430,316,0.004717767238616943,0.00030234738369472325
medium,1024x1024_reshape4_pes40,40,1,3,197.2317600000224,1,0.00011392588,430,316,0.004717767238616943,0.00030234738369472325
medium,1024x1024_reshape4_pes40,40,1,4,197.2257999999556,1,0.00011392588,430,316,0.004717767238616943,0.00030234738369472325
medium,1024x1024_reshape4_pes40,40,1,5,197.2234299998945,1,0.00011392588,430,316,0.004717767238616943,0.00030234738369472325
medium,1024x1024_reshape4_pes50,50,0,1,116.82335000000421,1,0.00013420808,245,265,0.009235378354787827,0.0018281080992892385
medium,1024x1024_reshape4_pes50,50,0,2,116.82153000003836,1,0.00013420808,245,265,0.009235378354787827,0.0018281080992892385
medium,1024x1024_reshape4_pes50,50,0,3,116.82499999994889,1,0.00013420808,245,265,0.009235378354787827,0.0018281080992892385
medium,1024x1024_reshape4_pes50,50,0,4,116.81605000001127,1,0.00013420808,245,265,0.009235378354787827,0.0018281080992892385
medium,1024x1024_reshape4_pes50,50,0,5,116.82000999996944,1,0.00013420808,245,265,0.009235378354787827,0.0018281080992892385
medium,1024x1024_reshape4_pes50,50,1,1,199.0487299999586,1,0.00011370651,430,316,0.004709899425506592,0.00030193233396857977
medium,1024x1024_reshape4_pes50,50,1,2,199.08327000007375,1,0.00011370651,430,316,0.004709899425506592,0.00030193233396857977
medium,1024x1024_reshape4_pes50,50,1,3,199.06625999999505,1,0.00011370651,430,316,0.004709899425506592,0.00030193233396857977
medium,1024x1024_reshape4_pes50,50,1,4,199.0516899999193,1,0.00011370651,430,316,0.004709899425506592,0.00030193233396857977
medium,1024x1024_reshape4_pes50,50,1,5,199.03814000008424,1,0.00011370651,430,316,0.004709899425506592,0.00030193233396857977
medium,1024x1024_reshape4_pes60,60,0,1,118.21695999992698,1,0.00013414984,245,265,0.009233023971319199,0.0018247109837830067
medium,1024x1024_reshape4_pes60,60,0,2,118.2232200000044,1,0.00013414984,245,265,0.009233023971319199,0.0018247109837830067
medium,1024x1024_reshape4_pes60,60,0,3,118.22258999995938,1,0.00013414984,245,265,0.009233023971319199,0.0018247109837830067
medium,1024x1024_reshape4_pes60,60,0,4,118.22459000006802,1,0.00013414984,245,265,0.009233023971319199,0.0018247109837830067
medium,1024x1024_reshape4_pes60,60,0,5,118.21892000000389,1,0.00013414984,245,265,0.009233023971319199,0.0018247109837830067
medium,1024x1024_reshape4_pes60,60,1,1,201.41503000002103,1,0.00011384725,430,316,0.004721283912658691,0.0003023020690307021
medium,1024x1024_reshape4_pes60,60,1,2,201.41459000001305,1,0.00011384725,430,316,0.004721283912658691,0.0003023020690307021
medium,1024x1024_reshape4_pes60,60,1,3,201.40750000007301,1,0.00011384725,430,316,0.004721283912658691,0.0003023020690307021
medium,1024x1024_reshape4_pes60,60,1,4,201.39414000004763,1,0.00011384725,430,316,0.004721283912658691,0.0003023020690307021
medium,1024x1024_reshape4_pes60,60,1,5,201.3840900000332,1,0.00011384725,430,316,0.004721283912658691,0.0003023020690307021
high,1024x1024_reshape4_pes4,4,0,1,1387.146400000006,1,0.00029760966,330,439,0.004960536956787109,0.0019088368862867355
high,1024x1024_reshape4_pes4,4,0,2,1387.1476499999744,1,0.00029760966,330,439,0.004960536956787109,0.0019088368862867355
high,1024x1024_reshape4_pes4,4,0,3,1387.1456499999795,1,0.00029760966,330,439,0.004960536956787109,0.0019088368862867355
high,1024x1024_reshape4_pes4,4,0,4,1387.148859999911,1,0.00029760966,330,439,0.004960536956787109,0.0019088368862867355
high,1024x1024_reshape4_pes4,4,0,5,1387.1485299999904,1,0.00029760966,330,439,0.004960536956787109,0.0019088368862867355
high,1024x1024_reshape4_pes4,4,1,1,1177.3960299999544,1,0.00022935875,310,264,0.012351036071777344,0.00028392684180289507
high,1024x1024_reshape4_pes4,4,1,2,1177.3853400000007,1,0.00022935875,310,264,0.012351036071777344,0.00028392684180289507
high,1024x1024_reshape4_pes4,4,1,3,1177.3893399999906,1,0.00022935875,310,264,0.012351036071777344,0.00028392684180289507
high,1024x1024_reshape4_pes4,4,1,4,1177.3869799999375,1,0.00022935875,310,264,0.012351036071777344,0.00028392684180289507
high,1024x1024_reshape4_pes4,4,1,5,1177.3941600000626,1,0.00022935875,310,264,0.012351036071777344,0.00028392684180289507
high,1024x1024_reshape4_pes8,8,0,1,880.5357500000355,1,0.0002812477,330,440,0.005046844482421875,0.0016338230343535542
high,1024x1024_reshape4_pes8,8,0,2,880.54403000001,1,0.0002812477,330,440,0.005046844482421875,0.0016338230343535542
high,1024x1024_reshape4_pes8,8,0,3,880.5426799999623,1,0.0002812477,330,440,0.005046844482421875,0.0016338230343535542
high,1024x1024_reshape4_pes8,8,0,4,880.5423600000495,1,0.0002812477,330,440,0.005046844482421875,0.0016338230343535542
high,1024x1024_reshape4_pes8,8,0,5,880.5472699999655,1,0.0002812477,330,440,0.005046844482421875,0.0016338230343535542
high,1024x1024_reshape4_pes8,8,1,1,753.6152899999706,1,0.0002292538,310,264,0.012349128723144531,0.0002847443684004247
high,1024x1024_reshape4_pes8,8,1,2,753.6314000000175,1,0.0002292538,310,264,0.012349128723144531,0.0002847443684004247
high,1024x1024_reshape4_pes8,8,1,3,753.6254299999428,1,0.0002292538,310,264,0.012349128723144531,0.0002847443684004247
high,1024x1024_reshape4_pes8,8,1,4,753.6135699999704,1,0.0002292538,310,264,0.012349128723144531,0.0002847443684004247
high,1024x1024_reshape4_pes8,8,1,5,753.6271100000249,1,0.0002292538,310,264,0.012349128723144531,0.0002847443684004247
high,1024x1024_reshape4_pes16,16,0,1,316.6387299999087,1,0.00028111011,330,440,0.005051612854003906,0.0016590977320447564
high,1024x1024_reshape4_pes16,16,0,2,316.63127000001623,1,0.00028111011,330,440,0.005051612854003906,0.0016590977320447564
high,1024x1024_reshape4_pes16,16,0,3,316.62805000007666,1,0.00028111011,330,440,0.005051612854003906,0.0016590977320447564
high,1024x1024_reshape4_pes16,16,0,4,316.622109999912,1,0.00028111011,330,440,0.005051612854003906,0.0016590977320447564
high,1024x1024_reshape4_pes16,16,0,5,316.6271800000686,1,0.00028111011,330,440,0.005051612854003906,0.0016590977320447564
high,1024x1024_reshape4_pes16,16,1,1,282.6506200000267,1,0.0002296357,310,264,0.012371063232421875,0.000285490183159709
high,1024x1024_reshape4_pes16,16,1,2,282.6596500000278,1,0.0002296357,310,264,0.012371063232421875,0.000285490183159709
high,1024x1024_reshape4_pes16,16,1,3,282.63759000003574,1,0.0002296357,310,264,0.012371063232421875,0.000285490183159709
high,1024x1024_reshape4_pes16,16,1,4,282.6358199999959,1,0.0002296357,310,264,0.012371063232421875,0.000285490183159709
high,1024x1024_reshape4_pes16,16,1,5,282.6433800000814,1,0.0002296357,310,264,0.012371063232421875,0.000285490183159709
high,1024x1024_reshape4_pes20,20,0,1,279.6317300000055,1,0.0002812277,330,440,0.005021572113037109,0.0016525562386959791
high,1024x1024_reshape4_pes20,20,0,2,279.6283200000289,1,0.0002812277,330,440,0.005021572113037109,0.0016525562386959791
high,1024x1024_reshape4_pes20,20,0,3,279.6223599999621,1,0.0002812277,330,440,0.005021572113037109,0.0016525562386959791
high,1024x1024_reshape4_pes20,20,0,4,279.633849999982,1,0.0002812277,330,440,0.005021572113037109,0.0016525562386959791
high,1024x1024_reshape4_pes20,20,0,5,279.6195700000226,1,0.0002812277,330,440,0.005021572113037109,0.0016525562386959791
high,1024x1024_reshape4_pes20,20,1,1,251.7296900000474,1,0.00022961713,310,264,0.012368202209472656,0.0002847656433004886
high,1024x1024_reshape4_pes20,20,1,2,251.72451000003093,1,0.00022961713,310,264,0.012368202209472656,0.0002847656433004886
high,1024x1024_reshape4_pes20,20,1,3,251.7337699999871,1,0.00022961713,310,264,0.012368202209472656,0.0002847656433004886
high,1024x1024_reshape4_pes20,20,1,4,251.7331200000399,1,0.00022961713,310,264,0.012368202209472656,0.0002847656433004886
high,1024x1024_reshape4_pes20,20,1,5,251.72759999998107,1,0.00022961713,310,264,0.012368202209472656,0.0002847656433004886
high,1024x1024_reshape4_pes30,30,0,1,253.8544000000229,1,0.0002974989,330,439,0.004963397979736328,0.0018814910436049104
high,1024x1024_reshape4_pes30,30,0,2,253.85435999999117,1,0.0002974989,330,439,0.004963397979736328,0.0018814910436049104
high,1024x1024_reshape4_pes30,30,0,3,253.84922000000643,1,0.0002974989,330,439,0.004963397979736328,0.0018814910436049104
high,1024x1024_reshape4_pes30,30,0,4,253.83372999999665,1,0.0002974989,330,439,0.004963397979736328,0.0018814910436049104
high,1024x1024_reshape4_pes30,30,0,5,253.84129000008215,1,0.0002974989,330,439,0.004963397979736328,0.0018814910436049104
high,1024x1024_reshape4_pes30,30,1,1,230.414650000057,1,0.0002289178,310,264,0.012319564819335938,0.0002817853819578886
high,1024x1024_reshape4_pes30,30,1,2,230.41538999996192,1,0.0002289178,310,264,0.012319564819335938,0.0002817853819578886
high,1024x1024_reshape4_pes30,30,1,3,230.40834999994786,1,0.0002289178,310,264,0.012319564819335938,0.0002817853819578886
high,1024x1024_reshape4_pes30,30,1,4,230.4053399999475,1,0.0002289178,310,264,0.012319564819335938,0.0002817853819578886
high,1024x1024_reshape4_pes30,30,1,5,230.419270000084,1,0.0002289178,310,264,0.012319564819335938,0.0002817853819578886
high,1024x1024_reshape4_pes40,40,0,1,255.75509999998758,1,0.00027875026,330,439,0.005065441131591797,0.001490732654929161
high,1024x1024_reshape4_pes40,40,0,2,255.7564700000512,1,0.00027875026,330,439,0.005065441131591797,0.001490732654929161
high,1024x1024_reshape4_pes40,40,0,3,255.75042000002668,1,0.00027875026,330,439,0.005065441131591797,0.001490732654929161
high,1024x1024_reshape4_pes40,40,0,4,255.7530599999609,1,0.00027875026,330,439,0.005065441131591797,0.001490732654929161
high,1024x1024_reshape4_pes40,40,0,5,255.74442999993607,1,0.00027875026,330,439,0.005065441131591797,0.001490732654929161
high,1024x1024_reshape4_pes40,40,1,1,231.86695000003965,1,0.00022945828,310,264,0.012354850769042969,0.00028497716994024813
high,1024x1024_reshape4_pes40,40,1,2,231.87722000000122,1,0.00022945828,310,264,0.012354850769042969,0.00028497716994024813
high,1024x1024_reshape4_pes40,40,1,3,231.87116000008245,1,0.00022945828,310,264,0.012354850769042969,0.00028497716994024813
high,1024x1024_reshape4_pes40,40,1,4,231.8699900000638,1,0.00022945828,310,264,0.012354850769042969,0.00028497716994024813
high,1024x1024_reshape4_pes40,40,1,5,231.86540999995486,1,0.00022945828,310,264,0.012354850769042969,0.00028497716994024813
high,1024x1024_reshape4_pes50,50,0,1,257.75175000001127,1,0.000297582,330,439,0.0049860477447509766,0.0019020398613065481
high,1024x1024_reshape4_pes50,50,0,2,257.749600000011,1,0.000297582,330,439,0.0049860477447509766,0.0019020398613065481
high,1024x1024_reshape4_pes50,50,0,3,257.742119999989,1,0.000297582,330,439,0.0049860477447509766,0.0019020398613065481
high,1024x1024_reshape4_pes50,50,0,4,257.74100000001,1,0.000297582,330,439,0.0049860477447509766,0.0019020398613065481
high,1024x1024_reshape4_pes50,50,0,5,257.7395999999226,1,0.000297582,330,439,0.0049860477447509766,0.0019020398613065481
high,1024x1024_reshape4_pes50,50,1,1,233.53128999997352,1,0.00023000274,310,264,0.012392997741699219,0.00028682564152404666
high,1024x1024_reshape4_pes50,50,1,2,233.52803000000222,1,0.00023000274,310,264,0.012392997741699219,0.00028682564152404666
high,1024x1024_reshape4_pes50,50,1,3,233.51626999999553,1,0.00023000274,310,264,0.012392997741699219,0.00028682564152404666
high,1024x1024_reshape4_pes50,50,1,4,233.5185500000989,1,0.00023000274,310,264,0.012392997741699219,0.00028682564152404666
high,1024x1024_reshape4_pes50,50,1,5,233.5108400000081,1,0.00023000274,310,264,0.012392997741699219,0.00028682564152404666
high,1024x1024_reshape4_pes60,60,0,1,259.69600999997056,1,0.00027888292,330,439,0.005106449127197266,0.0014860252849757671
high,1024x1024_reshape4_pes60,60,0,2,259.6886200000199,1,0.00027888292,330,439,0.005106449127197266,0.0014860252849757671
high,1024x1024_reshape4_pes60,60,0,3,259.68430000000353,1,0.00027888292,330,439,0.005106449127197266,0.0014860252849757671
high,1024x1024_reshape4_pes60,60,0,4,259.68801000010444,1,0.00027888292,330,439,0.005106449127197266,0.0014860252849757671
high,1024x1024_reshape4_pes60,60,0,5,259.68557999999575,1,0.00027888292,330,439,0.005106449127197266,0.0014860252849757671
high,1024x1024_reshape4_pes60,60,1,1,235.1267800000869,1,0.00022896126,310,264,0.012334823608398438,0.00028397596906870604
high,1024x1024_reshape4_pes60,60,1,2,235.14111999998022,1,0.00022896126,310,264,0.012334823608398438,0.00028397596906870604
high,1024x1024_reshape4_pes60,60,1,3,235.12221999999383,1,0.00022896126,310,264,0.012334823608398438,0.00028397596906870604
high,1024x1024_reshape4_pes60,60,1,4,235.1226000000679,1,0.00022896126,310,264,0.012334823608398438,0.00028397596906870604
high,1024x1024_reshape4_pes60,60,1,5,235.12697000001026,1,0.00022896126,310,264,0.012334823608398438,0.00028397596906870604
